1principal,2principal
3.0672708,-19.492231
-78.58584,-0.84403193
9.004737,28.929432
-78.421455,-3.0280561
-0.08293971,4.4718013
-12.487582,-22.53362
41.27207,15.235308
-5.098123,-5.7372417
26.10488,27.677256
30.953909,7.4223533
-12.021566,-37.469204
12.741638,18.0096
13.349056,-11.142603
13.677728,-15.268757
11.633806,45.415966
65.61682,27.148996
-73.15701,2.8485665
-21.15725,-41.87233
16.097288,-32.85247
18.43044,-41.817604
21.789885,47.33145
-2.2312186,21.850649
21.773333,46.748394
1.6070818,-16.192379
-21.819036,4.694968
-58.22131,-7.625336
48.275185,23.075237
-4.3989687,-7.879628
36.915817,40.275608
20.634382,37.52786
39.34148,-49.570423
8.781249,30.170305
46.190506,25.291193
2.7816713,-11.319132
-3.1172132,-44.34497
13.859356,-15.810119
-53.582676,-14.343622
26.441439,21.473831
9.102666,46.295395
1.7055066,-14.997635
-16.86862,2.4374394
61.87447,30.006382
3.903491,-41.899292
-22.971361,-55.966427
30.275026,6.9241414
22.97689,-42.12757
-4.313473,30.154104
-4.613217,70.54711
26.785242,23.617592
63.705402,-12.343108
-23.627142,-56.99472
62.95172,25.754044
-55.995567,34.135403
71.371506,1.4395902
-7.451339,15.923484
58.72919,-14.050145
18.278387,-65.37353
36.695984,42.06283
0.9260421,5.042561
62.996876,-16.727955
2.5189335,-17.828096
-41.31227,-46.12822
-20.568007,-11.462984
-69.30936,-8.065668
-25.48407,-1.7988908
-11.012823,58.645607
-62.30444,5.141203
4.3273973,67.48648
66.35692,22.151812
61.4817,-14.76316
-11.807851,32.68779
-21.016535,-16.344938
-63.615673,8.021026
-10.702644,-25.61345
-2.3612678,-45.41623
-12.185954,-19.916948
71.976524,33.841885
-67.246056,-4.522229
-71.68354,4.1847935
-51.378,7.6044955
17.941507,-68.6038
-44.400787,8.688756
-36.25354,-40.261765
-30.161798,-58.651695
31.333506,-20.800428
59.349983,-15.713899
-21.022491,-21.585007
-37.24242,-50.803463
-13.101512,5.1152945
-2.0341682,-43.702038
-4.826858,55.37094
-53.100735,28.779396
41.569065,38.506344
1.540315,11.160825
4.0147033,61.317436
38.728825,-47.834766
-76.37522,4.07324
50.667274,13.142068
-5.134595,-35.824646
-13.311807,-57.55633
25.693926,50.67847
10.834892,-26.64237
-8.590272,27.548445
-20.415245,-80.745674
-59.54155,-9.509726
4.9743156,-21.609537
16.259945,-67.29517
63.486652,-7.9468217
-21.819508,-22.742805
23.055094,-63.665848
-1.9212121,10.792623
-1.866329,-32.124657
-20.56204,-47.144974
12.541522,16.567116
31.60293,-45.328526
36.231747,-46.58309
-11.3487,72.51721
25.73556,-41.911057
-7.586929,75.9364
-50.146847,28.20401
14.078909,49.98953
54.226967,24.484219
19.775768,-65.7478
74.493996,25.281607
8.887952,-27.542639
-26.317581,-3.672672
-21.15995,-79.85953
32.93358,-11.305716
-11.246462,-20.564217
-44.302265,22.24696
-11.748653,72.175285
-67.78568,22.706873
35.309048,-19.268127
-1.1782417,67.06788
-12.549445,-27.68811
48.69348,8.735074
32.86503,-23.437277
22.367846,30.201904
10.064812,41.76893
72.15594,-1.1102998
-11.131314,60.41367
-36.851658,-49.95977
-1.1997106,28.449604
-62.60258,22.98838
-31.14332,-46.645462
16.98981,-37.29933
-5.0589733,17.517912
51.442696,4.125046
-8.048204,15.05454
6.331671,34.285847
-4.5571413,-8.639
9.9654665,-72.94954
3.7347567,-20.867188
-27.458317,-6.8428206
9.38045,-70.76627
24.608984,-42.53394
67.14435,23.4484
-12.817887,32.696346
-1.5744047,-36.60943
20.518848,-44.614773
11.314067,-10.122828
8.935587,-27.664307
9.973724,41.15093
-20.334087,-76.53807
17.004486,-39.376377
-26.708996,-5.956798
22.956036,-6.8352203
-14.879343,14.127853
-13.871837,-37.199997
-7.383718,17.398539
-8.072537,14.972782
57.874836,-13.816039
-19.077326,-41.989296
-67.26076,-6.099663
30.612196,7.6097927
-11.227222,57.41807
54.063194,-8.673119
-2.8968017,-44.618057
-44.84275,20.039923
3.3070633,-14.493406
-23.735826,-56.674355
37.728027,36.64092
57.190567,4.2652006
-0.4175019,-49.149998
70.43773,28.539766
35.545666,-46.84054
-63.113594,7.173904
-11.747215,72.78755
-23.24742,-68.52711
-49.106323,11.355257
-69.072556,-8.035379
-24.857044,4.3144846
-63.887836,5.566526
34.331184,42.658382
-7.206946,29.291498
6.3387957,28.21058
-20.723722,-75.93764
-32.32089,-44.7314
-15.403584,14.3497715
-59.20498,16.21188
-13.606073,0.6802574
-1.5072396,-46.03539
33.99859,-15.203295
6.8027735,-8.936802
-72.94215,3.0530205
15.749504,-60.321518
-19.23635,-23.527868
46.731396,8.617743
-21.347227,-78.39628
33.70396,-16.00309
29.53774,-8.206202
6.4298177,-6.564387
33.951675,-21.934162
-1.0516545,56.188396
-54.45831,-4.372765
4.0493956,-24.203232
38.40727,40.982403
21.940054,-7.0882444
-27.852987,-8.098606
-4.1341867,23.974106
0.836333,65.55053
-10.047252,-11.604132
-63.61262,21.632019
55.70909,26.769268
14.051514,-16.916151
12.294842,49.774784
9.768923,27.689707
23.90515,30.884274
-22.308754,-42.408554
7.331282,-59.65897
-52.966923,-0.3119134
-22.61838,-2.1179976
-58.38414,-7.6848617
30.584759,15.898638
18.176483,-37.10356
-62.43645,23.087809
-22.799852,-1.5676326
-7.323394,-4.148551
27.646637,12.340136
28.00033,-8.515309
-5.439341,70.9346
-61.79003,26.738083
-19.429867,-23.312506
-37.887093,-40.042362
38.59348,15.909968
34.310013,39.884933
69.98387,-0.043956757
36.13732,39.188293
62.08019,22.24469
-25.139156,-9.274383
-55.391663,18.692915
-6.4313297,-6.602088
-6.259389,77.03752
18.830517,-36.164837
-11.40459,-22.202478
21.593027,-5.3983
41.507782,17.804884
-7.5975065,-5.986757
-66.24718,23.14132
-20.251547,-45.93043
61.578568,-14.5702715
-59.16438,-9.721046
8.0795,-70.89831
-24.325277,-52.047703
-9.554699,37.082737
10.009871,26.884867
-24.596033,3.853681
-69.16544,-7.6782336
48.07075,6.288373
-18.951323,14.167571
-23.607267,-56.646763
58.842003,6.453761
-25.880798,-53.382145
37.775978,-44.60759
-45.939407,31.138622
61.099186,-15.776303
6.66819,-9.041936
29.611092,-20.26216
-51.007114,-1.3680944
-22.739075,-70.52718
17.255472,-57.384937
-14.156325,5.463272
-0.52092767,-35.32348
6.532617,6.78264
5.2699804,-48.377075
-57.414944,18.394905
-15.626726,32.38453
-22.583786,-51.984577
74.64415,0.13528991
33.57438,11.045915
-22.91445,-5.970794
-76.88474,-1.44232
-13.65232,-39.319004
32.37534,11.105915
-65.60724,27.54928
63.15285,-14.965781
22.19459,-5.492441
31.075285,13.52738
-67.27164,-9.121554
-1.542971,66.787964
-54.896435,-3.1505065
44.876377,23.051086
-1.8167303,-7.680976
-5.177745,56.29864
68.40535,29.412914
14.656193,43.621265
76.03459,1.5951236
-15.042368,-12.433178
-60.88488,-12.002374
7.2692604,-17.099958
-14.987619,-55.931885
-21.644337,11.25948
74.13626,-0.8745469
-9.182319,70.678314
-12.011398,-59.06102
-28.410828,-2.9624057
-55.64035,-4.359692
-30.338907,-57.740494
-7.025711,55.82219
-1.7894452,72.46815
38.39234,-48.41591
-20.85507,-24.726795
48.414326,7.4943924
-66.900604,3.8392518
11.384779,-72.68361
12.664428,49.805534
-12.215221,-54.624966
-46.669777,34.16226
12.38397,18.041328
-50.569817,-1.269611
-55.465015,-13.597046
69.10124,27.505047
-1.5996108,-48.02953
0.92447317,57.04975
34.682877,38.837986
70.175575,-2.5536966
-2.1863568,-31.994328
16.58912,-66.120125
-13.254608,71.785645
36.080902,38.044147
71.03629,4.6835876
64.44426,-16.422377
62.429535,-13.829067
43.60262,26.116064
12.292623,19.950949
36.756557,5.598373
63.35726,-14.8359
17.08587,-61.12486
72.85074,4.5333843
-60.03497,17.955948
-9.08172,-19.5266
9.964269,45.51864
23.610441,45.306213
37.751225,42.73751
-17.869673,9.372097
11.243299,-45.552982
-54.09312,36.20856
13.221137,49.38729
-24.989723,-41.979996
-54.939316,-11.074914
15.323938,-40.78867
-27.016777,-59.58308
-69.9212,5.0951376
74.97627,26.227951
31.361444,-44.403347
43.47375,24.514278
-45.094048,8.173759
38.18628,40.897415
-24.577335,-54.893593
11.80101,46.777473
-46.53573,14.695063
34.452286,41.727577
-5.4468136,16.530748
-64.177734,19.241447
34.58423,40.48208
-60.6466,14.49153
10.703892,30.761885
26.725742,23.525064
-51.137226,28.860065
-14.398749,18.962833
-2.7594705,-35.994488
18.609177,-40.1075
-26.198164,-54.734623
-54.094734,35.793617
-56.179962,29.736902
0.46302843,29.933355
-3.3163955,25.494627
-37.09987,-40.734573
-54.961407,-2.8190827
72.04775,-3.883663
-58.15482,14.290844
-8.5543375,37.806393
-8.084064,15.629586
-23.238312,9.260118
7.0398827,-46.70222
-77.43492,-2.4583378
-61.54318,19.14217
0.6093186,33.174473
-1.5862659,-52.92817
-76.06977,2.3542566
23.063486,-64.31475
-54.889786,17.448734
7.1590486,-63.183323
23.68,-6.392591
-22.097136,-22.009258
-29.424843,-57.878326
5.949239,-35.61434
27.202066,43.13711
4.2822976,-7.800343
8.494539,5.271041
-12.93353,21.69673
-79.1603,-0.81361204
-13.810277,60.424767
-0.87299,27.335995
62.390762,-14.483685
68.448044,32.790318
22.798578,37.218792
8.746362,-70.3586
69.54571,4.5550246
-30.735636,-46.51578
-8.628863,53.987827
-27.657457,-42.89577
-37.475624,-51.726887
-8.831844,13.683181
-78.546875,-2.283374
-29.74709,-41.955612
-14.901688,-12.0835285
-36.529663,-45.5224
-27.384783,-6.3763957
-65.32873,25.173681
-63.353333,22.20306
-21.815748,-79.76572
-44.499676,8.720806
30.781342,-46.382946
36.34188,-12.128322
-5.116374,16.14321
27.619904,-15.332161
-48.042484,29.828033
-44.756077,8.39693
12.150834,48.795773
36.49111,5.3573422
-9.41868,71.74447
45.972164,23.207735
-8.155049,57.556824
-2.7664652,-48.210663
39.281418,-47.69319
40.843758,9.583111
66.08386,26.151108
21.150997,36.33968
-0.58422,32.345604
-1.1463364,-37.3791
-9.027827,36.46156
-27.57428,-7.882321
-27.756317,0.8524333
61.795975,-20.581045
-13.038132,21.97678
-13.700593,71.55402
44.22399,24.038797
65.86167,0.15271007
32.08996,-22.949299
-27.718733,-59.67718
66.74957,-5.561589
-10.74715,-16.533865
19.5954,-43.188457
4.450667,-10.764107
-5.9353333,23.313105
-6.161315,12.85516
31.292133,-44.527443
-0.75772655,-46.805298
73.83575,31.230877
-6.829964,12.027321
26.818903,40.003544
29.36869,-18.307821
6.986894,4.9325123
-22.63637,-1.7934096
-0.55384386,30.480417
53.249928,25.386393
13.177534,-21.906803
-2.4310162,-49.716106
-10.905835,72.20899
19.038559,-36.58109
-25.202782,-8.29222
74.46126,25.651293
30.540865,-45.213734
-28.850101,-1.5510073
22.554665,46.183907
-1.6476649,25.36079
-3.5811398,74.92483
36.063576,-13.728997
-6.050342,75.332
-3.516534,-48.016476
-17.79937,16.329002
32.383774,-23.163153
72.74486,29.519424
-74.41702,2.8713038
-22.161005,11.405443
11.492235,47.543106
20.405132,-47.556137
-59.330856,-8.045175
-56.085056,39.892036
-23.1745,10.028386
69.866936,4.6151495
-13.003764,-52.932693
-56.173595,-2.5853884
-21.025425,-12.751358
36.36244,39.077194
23.882877,-6.320754
24.10857,31.919477
9.992235,40.746258
30.609713,7.4844217
35.444332,-46.7705
6.8258567,-6.6863794
-1.0968833,11.795815
-59.92399,-8.545726
21.55701,-70.050606
28.711252,-18.551138
10.010915,41.248005
-57.85897,15.287198
27.430084,49.827377
-20.918358,-12.381687
29.13786,49.483765
-34.23881,-49.757103
29.067257,-12.456003
-56.655716,-13.636123
-65.7157,27.981403
-51.351593,-2.5248046
30.24784,-8.647741
-20.797478,-79.34367
-53.95007,-0.79056144
-17.36116,-50.506767
14.057111,-23.033272
44.424152,11.611991
-1.4551519,29.909199
-5.2006044,72.29108
-14.28414,-3.3024032
-12.916007,-0.11121265
-13.5528555,-57.543182
72.90645,34.03759
-60.1622,-10.347345
-5.2451425,-35.602383
23.646992,46.63941
35.60339,-46.057312
20.358513,-68.41632
-50.197388,27.920372
10.333166,-72.53059
-28.91153,-8.546204
-41.998657,19.34403
17.439999,-38.73252
65.49506,24.465857
6.324028,-35.143482
-4.868163,-8.712909
-16.52778,-24.416557
-30.94785,-58.63844
70.69011,30.647701
-51.303852,-3.02432
20.089258,-44.54906
11.75007,19.339874
43.61383,26.269585
15.499701,47.307514
-5.5179305,70.4328
30.163046,8.944321
22.67032,46.370777
-0.802845,32.00396
-4.084584,20.992176
68.024086,34.308147
-13.441015,-57.059574
-63.049072,19.251905
-63.094357,7.031704
-20.14542,-66.58856
-10.5358095,34.714508
-20.427168,-23.75556
-55.286083,-4.380031
-55.366707,-13.037343
-46.466034,31.61476
-46.217716,29.739458
72.85457,23.243996
50.87666,13.437593
-78.06003,-3.9218988
18.929346,-39.648144
-27.324486,-45.95069
14.19684,-24.460167
73.90626,1.0917189
63.12733,-11.179499
49.01556,14.494446
-36.73006,-40.09052
-44.32403,22.261143
-33.22022,-47.071457
0.64281535,-20.786413
-3.1909802,22.733215
-65.79323,7.507656
64.11776,32.11463
-23.335102,-76.94178
74.1428,-0.34184843
30.707724,-44.622196
68.33261,24.065823
26.047361,26.28005
34.207005,-15.698758
12.92561,-11.633633
-14.8473425,1.0472983
-10.843955,57.82763
26.307856,42.622887
45.23668,23.18822
-35.444866,-46.944572
2.198272,31.262367
7.9407463,4.3413773
19.885046,-43.698887
-33.784184,-48.791084
-11.540965,-12.520973
4.70589,-15.043123
-21.802874,-22.164225
14.321014,-41.83556
46.915054,11.291602
-37.100216,-46.75184
48.428654,13.546447
-20.159218,-41.525097
-25.149471,-2.8013127
-37.03858,-47.461494
-67.64671,-7.00919
0.9187066,11.556558
-30.46032,-58.81922
-45.354687,14.963902
-4.750372,68.80215
68.38434,35.148506
33.360706,11.7704735
-9.104058,53.027863
2.6320229,-20.779852
73.274765,25.377508
-0.2423464,21.36845
14.185518,-21.523323
0.7126605,55.389256
49.706596,10.221979
-18.330795,10.758483
-2.1350048,67.17131
13.417681,43.621788
36.58006,36.387917
-68.95883,0.3923537
36.669456,36.33932
43.21199,26.512033
73.64955,3.829917
21.04545,-46.98775
-45.532898,16.031404
-41.74903,19.942583
-35.80329,-50.772095
-78.62329,-3.0773745
-44.76507,18.955889
11.847099,17.991848
-36.541424,-42.097958
1.1940163,65.5199
71.77481,0.51670915
-64.59842,24.943958
-14.776073,60.119514
25.435972,50.37559
0.99813956,-18.72209
45.682163,11.71504
2.4155335,-20.469774
71.22763,32.544674
17.054861,-61.285156
-25.05246,-21.20023
-12.359231,20.854925
-17.787397,12.6483345
-61.68159,35.49332
-21.28808,-69.51943
-24.452263,-21.785557
0.095833555,-31.262133
-55.535534,3.5330088
-15.6725855,-53.406906
-2.851873,-48.1278
9.966292,40.597755
3.5391002,-53.583786
32.003277,7.4688416
64.87436,-14.525096
34.803852,42.354973
35.300915,-19.789724
61.02065,-13.406323
14.335633,-32.96032
-13.6786785,20.06134
5.9730115,-46.72025
31.965809,-23.085392
2.7138572,29.716833
-21.104603,-23.776283
-76.89955,-2.2644103
-52.568085,7.163877
-41.07691,-46.42662
-18.06809,11.106856
24.88388,-6.129059
26.714813,-42.96217
24.067152,31.976467
31.797678,-13.759382
24.80397,22.556725
-22.51208,-54.55375
12.747736,48.93278
11.760658,19.31573
-58.967495,-6.0779195
45.144543,23.086617
34.608635,-17.793518
72.61978,-0.4707833
-0.50047195,29.225538
-55.566395,-4.1581845
68.87343,26.355982
-74.38579,2.8243663
38.862915,41.49273
-2.603417,-43.51082
-9.174443,16.056562
-4.757324,-7.7853327
34.40193,-21.137568
-27.259417,-6.677376
38.780727,35.880684
-70.377396,9.941805
27.280283,18.414812
71.76987,1.3806133
-2.1137853,-49.49504
-11.301132,72.880875
34.7095,-20.57467
-29.298412,-0.6201448
-65.624725,20.751888
34.35246,-19.004705
-64.34853,7.9663033
15.920559,-66.74734
39.946102,16.795883
-28.172531,-0.24521667
5.9635243,-48.063286
4.6102223,-45.421185
24.567734,30.226208
70.80202,26.277376
-7.1871758,22.263126
66.62561,-2.4976735
50.36043,9.694598
-65.25664,23.57835
-11.919652,-11.917092
39.13756,8.377182
-59.127056,-7.3069277
54.406464,3.8812737
-36.098877,-39.501507
30.461626,7.0466776
36.785152,36.39809
-19.238007,-17.456139
0.8009565,65.8449
11.2868595,-44.724422
-0.7921098,21.757633
-54.81891,-4.7065253
-29.607306,-58.73111
-53.772434,35.677704
3.7253735,60.91139
21.161179,36.83813
-36.986954,-51.108707
-1.464391,9.59152
-0.54531544,-52.889538
33.40665,-24.18706
6.9891605,-16.45852
-47.24467,15.267154
11.460473,-72.69959
11.971215,-59.64832
15.633547,47.39755
-53.338314,35.982445
-6.551326,-4.7363405
61.468197,-9.908505
-77.89484,-2.515848
-40.971626,-44.84677
-53.47873,35.51401
-63.916706,19.020945
66.81582,-2.9183583
-13.762233,59.92156
55.488876,1.3413037
-71.05204,5.3330894
70.97166,-1.4301282
-58.965347,16.84962
-26.905483,-6.9330306
-20.594938,-47.118767
26.799868,23.644823
-5.898642,18.47091
-7.2903824,-33.987774
75.74236,25.95847
2.091599,-46.217846
11.952527,17.46204
-1.655494,18.66261
8.56615,-11.5245285
-1.9515826,-47.758224
17.979324,-39.076706
-10.746106,-14.783459
70.03561,22.278662
-19.146929,-42.74467
-64.35054,24.230797
30.8871,-23.920698
56.27072,26.635063
26.246996,49.62813
29.160547,-9.513773
17.774296,-60.00816
-45.410324,31.512777
20.588013,-38.5012
61.40062,29.362839
32.724705,6.2231584
11.549554,-73.24729
-6.0836205,22.766352
22.81356,-63.469078
-64.51648,8.480658
-50.33707,5.325478
27.344212,19.2235
-60.499397,33.77716
71.88641,27.406527
-14.410255,-53.11212
58.908382,-14.818126
39.709312,-49.36636
-24.186897,-21.380297
-9.979293,-19.65097
11.060601,-26.348227
-11.270735,-8.141165
-45.159985,18.187204
-26.155716,-1.1119555
6.113853,-24.51345
41.434826,33.79779
-56.677338,-13.83766
-1.2376689,69.09532
-5.3202457,69.67603
-0.5363011,-21.567318
-33.64098,-47.640102
73.688805,0.39301118
-76.040306,-4.0462093
21.489305,38.039383
-22.335146,4.8981004
-23.690344,-45.545856
62.248207,26.979376
2.033754,64.24892
-4.889473,-8.739202
0.33342758,-23.329525
29.772327,-11.771842
5.0887647,-61.497715
-44.22639,20.83838
-66.33587,7.2681804
-28.268202,-6.7140102
11.463191,-13.615789
-19.741547,-78.02665
-54.421734,35.80987
69.53218,21.504162
9.650206,28.482626
-46.81526,15.090773
6.7258716,5.7595663
-57.90759,15.211099
55.43373,1.3452219
-21.814516,-23.735035
-24.563591,-0.48383647
74.89572,24.73838
11.286946,-66.59098
13.303784,-11.880244
-0.3028273,-24.585812
1.0594788,4.166712
-12.202524,-21.10306
-13.763087,-57.697796
-26.509024,-9.033564
71.41818,-0.4932319
8.348678,-7.542444
-4.5294657,26.461744
-48.35032,29.165789
2.0344923,10.645685
12.543472,-13.064057
67.38478,28.147346
-19.307487,-17.45585
3.2239013,-20.610085
62.342537,-14.078049
-16.958427,2.3174
-13.2705555,59.68993
-23.238934,-47.710964
70.85955,-1.8431095
35.662952,-47.11384
-64.70664,20.18859
64.42887,24.730875
16.211683,-41.094524
50.890846,14.593856
-0.8914328,-47.904324
-25.263922,4.719155
-77.77746,-4.8092003
0.042344525,-30.917309
61.46338,-16.709524
-48.748234,29.500647
61.06763,-21.037464
11.491433,-66.354546
-16.105505,61.524704
-23.732561,-71.64466
8.781476,13.74444
20.271097,-34.580585
-61.005283,14.673174
3.975835,33.944115
-14.382034,5.5118003
-16.159252,-11.036257
-49.39969,29.181532
34.806377,-14.874693
-55.611626,39.007
1.6643655,-21.489922
35.316322,-46.54192
-45.93259,16.109787
-25.873264,-8.964527
26.65273,17.686766
21.471626,-68.60433
12.298831,47.655643
0.52619106,-48.624084
30.128723,-8.32233
12.569463,17.80617
-22.121311,-16.428877
63.40635,28.91419
26.533833,42.80211
-36.568325,-40.30574
6.3389187,34.985897
-5.133698,19.035826
-0.42497766,56.825256
5.320199,-45.56908
48.15498,14.510424
-11.690964,-53.5885
36.686016,42.49683
53.36086,0.95988166
35.43793,-45.835213
-2.978747,-52.34692
-17.196737,-19.843903
-20.937122,-25.915388
-21.967358,-42.372234
-44.833637,16.359644
11.750255,19.358747
-1.1654586,-24.283182
-14.600668,-58.570286
-4.4929304,17.607656
-55.255634,17.277779
-23.207493,-79.90351
4.116927,-13.163768
-53.704758,26.147297
-75.03869,0.9882133
64.84669,-9.099876
-22.324312,-69.112236
0.4294878,-23.50672
-57.50811,-3.1753547
-25.796677,-7.54921
-50.86387,26.578554
28.233206,-9.471537
66.92153,34.382626
4.457433,-20.471088
-54.928547,18.302105
13.754808,-13.244012
-47.474514,35.6798
64.89625,26.351149
4.5547543,61.88719
74.15911,1.4443631
31.39723,44.62202
60.179314,-10.654698
-54.747997,-4.3997107
8.115567,-27.974659
17.595139,-58.352745
-25.930826,-53.15851
-45.56343,15.875034
-2.7918277,25.939264
34.2952,-18.211836
-20.597523,-12.268388
-12.720861,-21.722147
-8.387895,75.33774
24.793621,50.325188
-6.774139,-4.651577
8.004217,-18.623484
-78.40704,-2.5288565
-2.4360647,70.16197
12.391794,16.499645
38.31657,-48.5546
53.932762,2.9057245
-65.13299,8.052824
-2.5721495,12.680644
-1.7312849,20.063778
9.842167,40.833923
-64.8121,-11.460352
-14.034626,59.968998
-63.55798,8.3407135
11.301574,-11.958652
7.974169,29.86216
53.275112,0.9790307
-21.925432,-22.471283
-52.388016,0.31176603
21.231997,37.198513
-14.443401,4.1897583
68.74185,29.720266
0.7314442,65.498405
0.8279646,4.3230524
-76.12908,-6.5996428
0.25992724,-48.569542
-2.7842538,-49.22834
34.65412,-8.45656
-56.790886,37.48614
58.427765,-15.676199
-53.407455,35.830666
40.981346,14.845889
-24.086134,-21.260242
36.7069,12.774195
72.94518,0.855821
65.26719,-0.87173355
12.243449,-11.65727
-25.131496,-39.06365
0.99470526,-50.63547
-12.733472,29.676258
-17.962261,15.696491
24.861694,-5.5992823
-15.192991,61.568863
54.545074,24.82525
-58.011833,-4.4745116
-14.616519,-59.564392
22.40784,46.22155
-4.9345646,56.582706
57.688156,-13.558157
11.321081,-18.364746
44.848526,22.214294
11.699064,-72.64834
0.18142629,68.39584
-2.566472,56.354637
29.82287,-9.512169
7.711076,11.503622
0.50621235,-24.986473
-63.655704,21.819284
-24.286444,-1.0854594
11.226896,-44.820606
-24.322428,-2.5932057
57.557915,4.9415545
29.864906,10.26294
-21.17986,-78.78605
9.162348,-70.531815
8.946731,-70.56672
17.421843,-38.63607
-55.88206,-12.53594
-38.83415,-42.91991
-22.21699,-70.51312
-3.0405867,-48.17378
-20.206951,-23.317219
-56.936638,18.907331
32.037464,7.430446
9.419242,46.470615
11.573577,-65.86001
6.42329,-61.381424
31.142805,-44.763084
-23.051895,0.33631524
-61.078316,-4.6511226
14.512346,-21.19156
-4.173579,-7.9619308
15.433241,-66.25804
34.29392,10.458544
7.171725,-34.882412
-7.7070813,15.301088
4.7696104,60.503647
-7.6830096,75.346924
-7.27432,18.434725
67.87419,29.49354
13.439119,-12.086041
-76.23868,-4.2406883
34.467243,10.193847
-5.781003,68.08107
8.218533,-7.322355
51.77973,13.951217
-58.986137,17.490967
-35.942734,-42.048656
-21.449608,-47.187435
-1.538095,-39.526527
19.971935,-67.67923
-27.274433,-44.16474
67.950836,33.52275
28.847834,-15.606874
-63.959892,23.789547
65.35872,0.24022613
-59.31102,-7.993759
11.907014,-27.052584
-3.7930303,70.91486
-11.159269,2.6182678
20.67545,-46.20762
4.661836,-24.02115
32.780853,-18.050316
21.883902,-5.7214274
-35.819107,-38.71509
67.14203,24.403822
-72.1529,2.906319
63.40775,-15.390669
1.8797909,-46.313206
-51.686676,7.360954
9.782816,27.558104
7.157171,-8.642177
-0.9215129,11.788736
-0.21870182,21.732512
26.75795,23.655869
-23.351458,-56.123447
-60.558674,-11.807938
-11.0533905,2.6520262
63.399082,-13.354362
-20.272448,-41.622105
-36.314953,-39.645966
12.559869,49.14892
33.763573,-15.483706
20.73566,-47.5695
-60.667023,-7.5525103
-1.167578,-37.230087
6.2725224,-34.995506
64.80079,-13.958177
-10.086117,57.374084
-67.635925,-7.108065
3.739039,-22.954792
-2.0776448,15.705289
10.646195,18.02217
-8.099006,70.8318
-48.53946,29.186533
-8.654797,13.180592
-66.23615,8.736784
-32.487267,-44.43564
59.192867,6.8987923
-13.769135,5.1426916
11.4096575,-61.006603
26.793388,23.885996
33.27614,11.247396
-6.352957,-8.104892
6.3534236,34.96228
-27.015726,-1.0803866
-8.542652,15.137495
4.0084634,-20.611662
19.8012,-39.811367
30.906206,7.856054
73.70511,1.9022329
5.0248346,-24.035236
4.847007,-10.06481
-13.093287,32.39936
-1.1929606,6.614565
-5.480629,69.33438
-11.85429,-54.59765
-76.68749,4.432327
31.486658,-45.51508
-60.472168,-6.0491514
72.35543,-1.583484
1.2955564,64.10642
-22.111952,-24.285402
28.633068,-12.697172
-15.906782,-1.5659608
-72.299576,2.8769484
-56.600197,-14.245985
-1.5019758,28.22405
-12.119569,-21.740608
2.5608718,64.249626
-1.1012626,56.437706
11.386659,46.266815
68.79886,31.379429
-7.9754195,-13.500273
-6.1552944,70.14982
-6.6820664,36.26955
25.620205,46.16482
-7.290072,36.2835
-32.487583,-43.041576
0.51562965,-22.153677
76.05235,1.3975645
10.18151,16.171415
-37.436928,-50.90092
-52.221676,-0.6225855
13.04731,50.0388
69.89882,27.906532
-20.047523,13.954117
-19.065453,14.202331
69.71029,4.915826
39.14254,41.46697
-70.12096,6.4997816
-37.30869,-51.837055
-10.662155,35.414494
44.61791,7.9095955
-12.682772,-26.910776
30.921726,-43.64442
-22.852757,-67.467125
-2.1094122,20.81794
27.04296,42.74521
54.290916,2.775038
63.537678,1.8789244
12.708638,46.35592
17.992805,-68.5946
65.14323,0.37931782
-12.733492,-27.754713
-2.3265648,-52.300156
-55.833263,39.262314
-19.18429,-50.86141
69.74228,5.387592
-17.868645,9.491977
1.946751,-46.33998
24.38674,49.8843
11.502331,-27.155678
60.65568,-10.91719
-26.90183,-2.5569959
63.681618,28.36041
-23.01547,4.9039245
-62.93174,8.074429
37.29934,39.864307
-13.82182,71.59797
30.901257,-45.160286
-6.1599374,-33.258358
-10.524545,-11.751418
-4.1244283,-34.69855
10.701025,-71.30243
-47.077126,35.102592
31.806732,-20.026999
-78.4245,-4.1856046
-23.144539,-0.091930114
-62.137497,-2.233619
71.97309,21.425968
43.844112,26.568659
-0.9207351,18.133566
-14.936353,-5.1735964
-24.689404,-22.328077
3.9810169,-11.646846
18.576832,-41.73413
-11.626521,-54.0833
4.8052444,-26.214378
-7.3215194,17.399254
3.328136,-24.787443
31.04189,8.871973
-6.6011624,-34.271694
70.14088,31.611689
-22.922695,-46.60872
-20.698568,-77.99781
-18.262274,13.106682
46.762184,8.651569
-11.029878,72.70037
-44.31683,20.708326
34.770733,-17.97842
-10.886067,71.23669
43.516422,23.917074
73.66146,-0.7579858
-20.889854,-41.56578
-34.797813,-46.38676
-78.15779,-2.3597596
-5.9479465,56.246876
4.956509,-22.042698
-1.5003829,-32.9112
-1.0146443,28.838356
-4.098738,22.22676
22.368382,30.073221
-14.602022,-53.209484
70.75727,19.575846
-25.83369,-53.03792
-3.1642308,-52.55912
-1.217748,-51.78779
21.222855,-67.34032
1.3467066,-31.332214
-25.117657,-52.685097
-24.413198,-10.655911
-4.230108,67.8129
-3.2921658,-51.159603
6.1482773,-62.61699
65.02617,31.214493
68.06453,21.440378
-25.867188,-44.760147
-25.305382,-6.587426
19.073181,-67.40542
-55.942497,-0.16863252
-45.39268,17.307442
55.536816,26.313225
38.99768,38.099995
4.1466804,9.202841
-70.41078,4.838454
-67.435165,-6.4799647
-15.229578,63.07526
-8.054479,14.976187
-21.7516,-1.8859127
-19.707718,-49.794895
68.4953,35.56756
-5.1212144,-30.639456
-67.89009,-4.5228863
-9.325073,-19.29381
47.37741,12.729956
4.6486325,-12.040433
-7.2053504,70.32651
-62.554672,7.533576
14.680355,-60.17262
-60.575287,-12.100916
-67.045135,-7.971192
-33.269897,-46.098106
-25.130878,4.4713354
-19.061462,14.272929
-4.444346,-6.8025584
-1.2353059,57.15385
67.08128,35.416336
-11.720662,-54.04727
3.1986215,64.213974
-63.790733,7.452384
-21.243885,-76.278854
10.479704,-27.179462
-11.555239,-53.707905
35.28628,4.388787
72.37733,29.134966
2.0290477,-46.31314
1.9332122,-22.552752
-10.927635,31.190681
70.0125,18.926926
68.61761,34.34647
-60.953964,8.221059
-0.009447,7.375535
-11.876288,21.407646
-7.4839034,35.668377
-64.073006,26.8201
0.78042203,65.5737
4.742459,66.41548
-4.308501,26.25069
-13.9515915,71.86444
-21.391275,-76.58331
-61.10553,8.170368
67.588936,25.517757
-25.804361,4.668502
32.094456,6.8650813
-29.850462,-55.512978
36.519367,-18.45771
28.648056,-15.178712
38.67041,8.123186
0.4862548,-31.714329
-71.30462,5.448902
-56.693253,39.34796
0.42127573,33.06472
35.493237,-18.671614
9.9667,-27.399673
11.8011265,-27.753002
-1.8584901,-33.799892
19.683386,-45.788765
-64.86539,5.528627
-15.500294,-5.1015425
11.308654,46.84865
11.188666,45.487633
-65.13922,6.180776
47.350697,15.358889
10.134113,26.489445
-74.632065,-3.2565837
32.914146,-15.522072
-39.47742,-43.155006
29.94567,-24.313799
-76.22811,3.8867896
70.434975,20.044535
-79.40751,-1.8673898
45.11837,22.711176
66.67277,30.021645
-8.177649,56.121204
-50.453915,-2.764808
-6.5717015,17.237083
31.533186,-20.15938
59.393238,-14.811033
-73.57352,3.261375
-52.831802,4.536135
8.252449,12.788874
74.74815,-1.8599858
14.777535,-21.509224
-5.3276215,70.28619
8.299619,-28.220072
11.830904,17.40524
75.865074,0.3476599
64.370026,-7.27957
9.946137,-70.76528
-58.27916,37.810825
47.604485,15.121536
18.42507,-33.921562
-15.244204,14.750147
-27.005056,-8.965745
-53.150105,4.32479
23.423452,-64.49388
-12.1991825,-19.936039
-14.234762,-3.955596
16.993868,-59.02635
-12.362458,39.969906
-14.184479,5.4081635
58.095398,5.104773
5.4126215,-62.39852
3.819124,-13.416178
-7.793535,-13.275126
-17.526217,2.271342
-24.397064,-50.95334
23.507313,30.541721
-37.177647,-37.955856
9.886412,-26.913363
-33.331146,-42.188713
-11.036904,58.223026
0.4913219,-24.89938
-28.323954,-45.94245
-15.196963,62.781387
-0.08800719,12.771386
30.700117,-46.511993
-0.20988372,55.81426
22.361862,-5.4402127
-6.605866,75.20667
-19.992437,-67.15353
-57.431843,-13.728609
-13.666615,-37.30539
24.281906,-41.803543
23.247707,-64.26664
-23.123648,-42.939205
45.787754,23.941648
-0.23317888,20.833393
69.49311,26.0502
-24.192629,3.064438
27.010963,42.613342
-65.58585,26.787584
3.0612392,9.528036
-7.3369436,-6.2632394
9.55737,46.565
-15.340452,-11.969185
36.056267,41.57546
-2.0027475,9.877106
-12.293234,21.212132
-58.97612,16.294554
-65.654785,25.716978
-8.447328,15.65323
20.639902,-42.822975
-16.92386,-20.754408
-52.486862,1.5710644
11.921389,-33.56984
20.365995,-67.37977
-63.93142,-12.062116
-5.2681713,58.09747
-26.03105,0.093175404
6.8408914,-59.900295
4.10239,33.98548
3.6833146,-12.344073
-33.53493,-49.315014
8.636145,-21.925802
73.86176,1.3663895
-56.418167,-4.094099
43.97259,24.360716
40.967278,37.534603
64.666275,-6.4184184
-23.387497,-67.55855
-4.0828524,-6.755837
-11.9047,2.5833519
21.280088,37.049026
-40.9302,-45.130592
26.405869,18.277992
-63.09221,-1.769659
-23.261261,-67.8649
14.318303,-41.32923
12.270869,-18.672878
-25.108301,-1.6771259
-19.089231,-68.06013
12.467636,46.74866
3.8180902,68.30011
48.49042,13.957233
-20.98027,-23.54388
-0.8169794,32.985134
63.991264,-16.77601
37.25673,-17.951591
63.003635,-16.73264
40.995865,38.221077
-15.293386,-52.520477
-1.3405758,57.408245
49.35262,24.217386
-35.100697,-40.9127
-43.85694,21.410135
37.147068,9.108299
-53.937435,4.654973
12.033166,-59.507893
-16.081652,-10.99581
-1.7038524,12.399674
16.034178,-39.47649
33.149544,-15.361382
-71.41217,-5.6577644
3.1955981,9.250255
-14.444014,-20.145864
-22.40094,-69.98917
34.694862,14.985744
-48.0366,29.896542
63.483578,28.679413
5.661544,-49.089428
0.91694134,30.61171
73.99723,33.330746
58.552647,-15.641486
-53.196384,4.8090177
-53.017708,3.7543297
7.117239,-26.977118
5.8797216,-62.47854
70.439644,26.967545
-8.438119,36.413006
69.30667,20.722647
30.002378,7.0050526
-54.40171,-13.525998
17.558651,-60.55286
-62.913765,24.66
10.235948,28.375324
25.355286,43.556286
33.16742,7.43392
36.51292,-18.025003
-55.79503,16.484232
-61.71646,8.299118
-40.509823,-45.529743
-2.7214463,12.56724
-20.242348,-24.899399
64.42,32.65692
22.971916,46.596848
54.81167,25.409946
71.35103,-3.1544785
3.709735,-11.179988
21.577066,-70.05765
38.65948,37.6667
63.108948,25.511782
10.570658,46.42656
65.005554,25.38507
-54.91437,17.430582
64.749405,26.425404
25.568245,-17.616377
15.830144,44.180595
55.250145,1.5384052
25.36852,-42.329384
-1.1390543,33.20755
24.039232,-62.94735
68.02813,21.833063
-3.8335836,69.606804
3.70317,-18.576227
71.64785,26.35543
-54.611977,31.397717
46.34981,10.59792
70.771904,-2.0660858
21.975798,-35.177643
-20.53228,-12.585053
35.059273,10.746474
69.274185,32.015465
14.184418,-41.02816
-22.120157,-1.9445839
13.1761265,19.330782
-61.036648,-8.998673
47.398117,8.900718
-11.462869,-20.260227
49.457466,24.161884
67.233765,33.955185
10.670297,-27.344671
50.464386,9.55827
21.498302,-5.1332135
-21.31812,-47.963257
-65.56117,25.471388
-8.28433,-6.140019
-6.6460996,-6.6801834
64.51195,-13.403573
-2.8347867,56.242912
-3.503708,18.556572
58.34292,-13.821694
10.033346,41.72331
11.375856,-12.276553
-14.935433,-20.913492
21.163866,37.173317
14.598851,-13.644997
15.364041,-33.165012
-46.845474,34.387897
67.26538,24.818121
-20.609339,-42.341545
-25.02672,-42.23774
16.136654,-21.851114
55.353745,25.88905
4.2090607,-7.766197
37.814045,16.55169
14.024056,-21.53891
30.324575,-14.716228
-64.10273,-12.1343
67.9138,33.60707
46.32982,8.623589
72.35826,21.048159
-19.397291,-67.41637
32.48117,5.8212104
14.121347,-24.953825
26.029108,43.37775
-68.0643,3.0783372
30.30206,-45.626656
54.840717,25.364428
10.865464,30.867584
-53.93988,29.714745
7.107732,-49.542053
-6.4950824,13.717586
-70.09705,6.506984
-72.67403,1.412295
70.96325,-2.377588
-11.453604,-58.282013
-18.519894,-4.654482
-0.7273432,-16.585278
-23.994675,-1.1960819
32.860413,-13.763579
-56.20396,33.500298
-17.010908,-56.736664
-10.752921,-13.15132
-6.7671065,58.370617
-37.669422,-49.488136
28.271208,-20.982775
-16.923693,-49.76186
48.617863,6.469103
-1.4328227,33.47705
23.853752,-6.3387985
13.514916,-19.437365
-3.9780335,56.198505
69.17679,-0.9764673
-56.029655,19.099037
22.036983,37.445145
-2.5767908,56.432495
2.2277026,7.7774396
-5.026901,35.05209
-15.20651,14.835208
72.939156,32.218662
12.461229,47.481834
-48.278965,29.373814
38.998955,-48.301373
10.817554,18.07087
-15.659002,-5.085111
-14.069964,-12.575911
0.7681268,-30.97997
43.667934,26.256372
25.565966,51.54366
-8.712718,36.261593
-79.16006,-1.7791305
26.766504,18.781174
-65.06315,23.161516
9.509243,14.236049
-17.470375,2.087871
-12.324289,-22.203259
-14.332851,-56.857273
-61.996048,33.850895
-12.299959,-37.870884
-64.08669,-12.10135
22.958658,46.089542
-10.923616,70.676796
-59.71476,18.21364
-6.328606,21.722479
59.349075,-14.231347
-8.332402,19.41929
-2.8831806,67.82659
50.637207,4.298877
-24.15221,-3.0017855
-16.676907,-19.614983
-1.8718498,18.586494
19.309738,-67.78843
10.192785,-69.45283
-15.33867,-22.770111
62.32204,27.263226
50.82948,13.361977
73.859985,0.5586624
-62.738113,25.07001
60.208935,-17.450882
-53.212402,7.1592326
48.64996,23.308315
16.008043,-35.0031
-7.4976325,73.26059
4.62098,-10.603864
36.094284,-14.838621
-55.257122,-9.149928
61.70103,-20.655172
-27.191805,-6.3995304
-22.264023,10.540383
66.26271,31.50699
40.363163,37.60473
-53.82422,-5.0464296
-0.20775738,66.534584
39.83229,19.60126
25.414524,50.319523
-24.480585,-8.480041
-9.120786,53.053276
52.28904,6.9194894
2.981443,64.68745
29.514914,-12.845598
47.437687,23.243925
-9.821747,71.03889
-13.997481,-3.3045874
18.55815,-37.953754
12.869544,-32.120644
70.46922,31.08725
-46.635464,30.754726
-1.3487425,19.737604
27.085938,-5.3262906
51.822056,3.691687
-24.584496,-40.41418
73.89465,3.083471
64.309364,-11.479045
19.867428,-38.4715
-10.658308,-16.289314
69.76878,-2.4280477
-31.684172,-45.85474
-25.70118,-51.429623
25.769161,43.445858
-19.742464,-22.623085
-24.50761,-7.0127144
10.901287,-18.440292
5.580961,-49.11493
16.393572,-31.930399
-74.18001,2.1442325
-19.27238,-67.50509
54.06582,-8.675458
-9.490048,33.151054
36.885773,11.832614
39.058582,20.46671
-64.40041,-11.835693
9.07052,-69.51438
-5.7918496,-34.821297
-9.309091,-14.885297
-27.405245,-8.826563
-53.34873,-1.196541
-16.834478,7.01609
35.421593,-13.5274315
69.82493,5.4112363
-11.551222,58.387444
-61.970226,10.226218
-3.5626366,75.05275
26.951809,-4.214435
-51.610825,4.011805
20.054426,-46.333614
-59.685555,-9.900222
-0.51553655,20.400608
-23.880478,-45.10328
-65.26785,7.586619
25.500177,51.275517
-0.5569077,66.40214
-20.051832,-21.668991
-25.34498,-3.2355194
-25.14615,-1.7407373
-62.852615,-9.070086
30.164854,-10.769737
-7.8105035,17.606676
-4.147506,-7.3809037
11.161692,-69.765976
-25.961071,-8.110174
-56.50028,29.81072
3.140149,-19.526722
43.86909,26.494823
-11.816255,2.5747023
39.85667,19.51906
-5.8608556,71.66734
11.073814,47.68831
66.39552,24.78959
-10.681679,-25.578152
-1.8821976,-32.169983
15.037347,-60.16233
58.83272,27.964153
-3.524508,-31.269066
0.59849864,67.782074
-21.98478,4.673755
-11.328526,57.259197
-11.041146,60.39717
3.3526988,-18.519394
-5.0594697,29.978403
72.08208,32.432987
-60.648346,18.501495
34.805885,-12.820443
59.587887,-13.154087
-22.376478,-24.069277
-14.424547,-13.758087
3.6189504,68.71197
72.65441,21.865385
65.25215,-12.2985
-34.55655,-42.690586
-12.369938,-54.549683
8.257521,-7.4933963
-18.258997,16.566229
-53.753372,-5.199739
-4.04488,-5.255216
-19.483818,-24.668875
-3.881484,8.837397
-0.9656894,69.659645
22.603624,-8.185733
-19.781189,-25.041327
11.804074,-30.4165
-6.040322,57.991474
30.654486,-45.38031
-25.66956,-45.2722
-77.37602,-3.1406307
-51.44018,5.232713
-26.105549,4.475858
40.62174,37.292828
37.096752,40.530804
0.98779476,-50.588535
-5.9127073,15.265976
18.448856,-66.03789
12.049577,-27.053568
54.058056,-8.670989
33.23525,7.598286
6.574561,-15.200612
-20.718134,-77.89976
-21.570625,-23.911736
-5.0859513,56.685497
-6.786723,12.124421
58.16084,-17.113783
44.54253,23.943037
38.51455,-48.316254
69.69532,5.785949
3.4034383,31.605602
-16.107258,-15.824461
-14.015053,-11.17777
68.34625,32.74178
-14.309558,30.940338
-2.656222,-45.093693
-5.667092,55.240074
-1.6881715,24.77003
-26.03107,0.11683551
-2.375497,-7.791066
20.305672,-67.10161
-56.619408,-13.089229
-11.038949,57.64706
-1.2755843,26.559229
-4.5519147,22.407032
-1.1823094,-41.859047
46.908947,11.792403
38.71452,7.9646664
-61.22067,33.83471
37.15798,6.3570523
32.64516,-18.919836
-20.035612,-24.301798
-4.4965286,75.869514
-22.974447,-77.183685
31.302973,7.1109757
38.02426,41.600903
47.984413,13.671634
2.2761207,-22.820915
-7.8858953,12.303595
74.40472,2.6192834
-24.362568,-40.437153
3.8791778,61.053093
12.136608,-63.567272
-13.381398,-53.66799
-14.469995,-53.163704
3.981398,62.155464
11.755149,45.86577
-2.558556,56.293808
35.964836,-20.559078
55.94068,0.60997725
-22.27352,10.569474
-52.945793,-2.6578
-66.21892,8.090539
-23.50739,-45.691982
-12.370654,39.977627
-26.642977,-3.1135082
33.56046,-14.099053
-35.612465,-47.00196
-10.8872385,71.57197
-0.12094837,23.767086
27.658754,12.575374
-11.8969145,55.254723
-41.488224,-46.095467
4.928107,-19.902489
29.346365,50.289154
-3.9639268,73.80595
22.242552,37.47202
72.085106,2.1319716
-16.34928,-14.986429
12.657989,17.507446
13.837169,-13.489547
4.006306,-12.077754
-61.41671,18.749622
-6.0112996,17.158243
30.872316,-44.68988
36.457733,-18.242643
-24.479698,-51.49181
11.879547,-12.498123
44.83239,24.605803
72.76547,25.206635
9.005386,-21.213709
-37.935135,-47.116283
-43.83342,21.988895
-10.797026,-7.5219665
4.8881335,-45.469006
-4.6110363,-7.6214743
-55.338913,33.971554
-11.307288,-20.459394
25.45524,47.56424
-15.579661,-19.4876
12.595195,-37.186607
-0.98137945,6.4291854
14.723957,4.482934
-56.660126,37.55102
1.1750112,-52.92241
3.8287368,61.215782
-62.95377,-1.7853115
57.324196,5.059521
63.396854,1.5366089
-13.81763,-58.675552
35.610233,6.365748
28.990475,-46.226776
-52.315136,3.5702236
34.073048,10.413693
-11.197669,-14.395123
-19.31478,-22.510008
-22.776255,-79.17358
-52.72633,3.0975862
-19.883152,-50.071007
-25.121704,-5.350181
-0.7940485,-36.26268
-64.53371,27.436316
-43.62883,16.747517
34.290276,-13.038481
-26.448168,-7.20724
-7.3293076,16.87925
0.81041205,64.0044
-0.8716369,67.24244
12.645897,49.995186
13.437488,-42.807465
3.8018713,60.31181
-54.507896,31.08073
2.9497163,64.834625
35.208565,-13.091457
11.86294,-66.342316
-10.015504,-19.560516
-3.9453177,-37.137665
-13.683225,-37.236572
14.59291,-65.1761
20.1755,-38.859913
-9.807308,71.71723
11.190886,-13.9734
-62.28979,10.333005
39.119457,-49.3483
52.70533,5.226859
-9.9899,-13.983483
-11.752557,57.728577
5.860343,64.5826
70.061226,23.405172
34.88585,41.005165
8.504534,-7.648072
-72.14767,2.2772963
-23.529314,-43.489334
71.393425,33.904926
1.0097367,21.190704
-18.934013,16.439987
34.926437,41.53766
11.426651,-66.08947
-44.131134,9.144516
72.6176,20.349392
-24.098608,3.2574275
-8.586714,-17.338017
-70.17214,4.870464
-59.42044,17.699963
27.778301,49.613167
-37.909607,-47.112038
24.238102,32.42873
6.594192,-14.731641
-37.927067,-40.741302
-57.824436,39.27163
-18.632633,-23.19804
-53.928173,26.976896
6.332086,35.124382
-13.004782,5.1032257
-25.972082,-58.915993
34.78715,36.795765
-27.628376,-7.899402
47.95302,11.749912
-0.93420273,13.202703
73.654495,25.13558
6.087241,-46.826378
-65.592316,27.481506
23.94188,-5.235218
35.535553,11.139524
-21.372084,-76.475235
41.74559,38.578705
-15.616452,31.989058
-6.494101,15.017517
0.023371378,55.61669
43.927258,23.924658
26.266836,-18.589113
-59.97133,34.67151
-2.0843189,24.631079
-1.0350606,33.345024
13.329403,-19.568209
-6.151306,55.17604
-0.67224854,55.956673
14.072364,17.123568
-36.524883,-50.26835
-9.591614,-19.471025
67.07049,23.347635
75.692154,27.7399
-55.370987,17.670792
32.5412,-12.943831
-19.324287,13.975284
61.789104,-20.5849
31.007154,43.465847
39.80964,38.600628
2.4482267,30.214296
-26.761494,-55.505436
27.981071,40.981003
-20.544565,-47.090694
-6.0022655,57.603004
-4.6082406,15.603854
-20.545176,-76.59281
-4.580658,30.187979
25.674911,46.311146
19.012142,-68.32311
-21.313686,-79.93607
-7.148142,23.8521
67.02988,34.744995
6.762883,5.8733873
28.185534,50.844727
-16.390753,-54.681572
25.8181,26.093647
32.542496,-13.101435
12.282283,-17.751703
19.879236,-40.84832
-61.98793,26.857244
-59.85017,35.536396
-20.844254,-77.582184
-55.47516,34.660854
-5.454417,70.070595
-24.143501,-58.652832
4.6667433,-48.254993
4.216323,65.10671
-11.410569,57.01375
-74.48171,-3.4232867
75.430016,29.694746
75.73501,-1.0206523
-23.430372,3.8816137
19.201168,-65.741196
-24.142298,-6.217261
27.37276,-8.8492
-3.5242648,-31.367971
3.7890801,-25.321144
19.060022,-64.39085
72.033936,24.773668
61.855953,-13.823469
25.142008,26.411934
66.362625,26.006823
-13.464962,-27.141088
64.85232,20.73684
-25.4434,-6.0696406
-15.897229,34.011604
37.438087,41.45113
6.273477,10.672274
-13.650342,60.033928
-37.333046,-47.053905
-20.156132,-13.128488
-2.446243,-46.5691
-14.487628,31.092852
1.4760631,18.488398
0.3408965,-49.02053
27.09946,-4.506645
30.273767,-13.955018
-62.6407,7.9907193
-34.0968,-39.936165
3.3310974,10.095987
11.765716,-64.49668
-25.017626,-6.600095
-20.348621,-80.7757
-54.633068,-0.6630786
-59.219315,17.268995
57.504814,-16.305765
-51.040024,28.005198
-11.843302,32.781013
-1.1544163,-37.443142
-55.960865,34.098557
-6.25596,21.626383
-14.371171,3.2913196
-46.37022,30.035183
-12.233869,-22.202888
64.86771,29.911007
12.281482,17.657927
33.624992,15.053957
24.063137,32.112865
-10.744559,33.230164
-11.627702,-22.076403
-1.6457387,10.643013
-21.073225,-22.838373
11.133201,-73.03912
37.027046,38.244957
-14.359243,59.0445
-14.758751,6.1817584
-0.5224304,7.3477407
-65.723885,23.840343
26.991928,44.556614
-59.481876,-5.854407
-66.42584,8.606898
11.711865,-30.62838
68.57061,26.407255
-14.102002,-37.586792
-24.341837,-50.90533
-23.848917,-2.7448652
-52.767117,0.37955114
-6.4584546,17.828075
53.922745,-8.482985
-20.478495,12.582009
75.14201,30.292376
-10.433953,33.354836
6.3388476,-62.441444
-0.9034452,56.28939
15.717265,44.136208
-20.062445,-49.403057
-3.4597845,-33.01095
-0.7745099,33.88961
0.960332,66.66033
4.612859,-61.739815
64.85205,21.590954
-12.675431,-2.8902586
-28.153261,-48.040287
5.479498,-60.283043
-52.895348,3.9786136
27.361254,43.12383
-46.62253,30.303328
-61.34535,-6.637475
-11.868619,55.53131
-62.714336,7.8710675
-10.234216,-6.88862
-21.088081,-70.460556
71.69525,-3.9801376
19.526575,-36.117085
-67.41343,2.909355
72.86543,-0.4137661
-60.526127,-11.145408
-19.433823,-38.650677
37.990883,37.431984
-18.758337,13.873204
-10.5287,-13.5938015
-15.722717,-49.894897
-75.62003,-2.9378967
-46.562428,15.094892
64.48368,26.29351
-9.226934,72.65065
16.230644,-65.928986
-36.402424,-46.7576
-46.74894,34.270332
-12.56572,-13.784136
-34.29757,-40.402786
12.507671,17.607868
-60.084404,18.886784
21.874142,-5.714615
52.527103,2.0887544
48.051094,25.101255
-44.964577,16.858854
-25.866028,-52.869728
50.727097,12.893593
7.032432,-63.064186
-20.168962,12.577443
52.487965,4.472699
0.2306011,-48.595154
-7.0931015,75.27078
-31.111362,-56.935303
-7.3278065,75.34061
-0.89834595,-43.97575
-54.329456,35.646206
1.8568532,10.305018
63.201187,-13.964521
-66.39117,8.059281
-60.525352,14.583398
-9.990471,70.43515
15.015384,-67.83424
-77.71715,-6.005292
-15.340822,32.28354
18.48042,-41.739388
-63.620106,-12.625164
5.184368,-44.66864
0.4565072,31.438126
35.305195,35.986877
-55.533928,5.2945766
-30.141739,-57.70434
4.4601645,-61.43811
6.396079,-59.93888
-54.98218,29.136534
1.8825569,10.90492
11.713287,-23.398901
3.091213,34.078274
37.582355,6.403495
51.63846,11.992329
4.0821447,33.974773
-58.92316,35.328896
10.053115,28.233206
1.5656614,18.216715
-13.851895,59.9533
31.11733,8.078224
-12.629139,-38.41549
-1.1785047,-47.07362
-64.34164,24.348392
14.889463,-16.89896
16.508308,-61.469326
-64.03328,6.8201666
-3.0050511,-48.97599
63.525105,2.3638904
12.030976,-59.761364
0.18905391,3.5642858
-22.533699,10.386062
25.328384,49.37923
27.967657,-9.148693
18.962618,-44.27229
10.158102,-69.63986
31.326674,13.766668
-7.859877,15.022087
-9.334311,71.1006
25.777515,29.536362
34.572014,10.181732
63.856255,-10.242542
69.39007,21.92707
64.199135,-8.834903
4.881613,-24.321762
-27.662872,-55.897068
-6.8364286,-6.931812
-28.018486,-56.272774
11.358891,-72.74866
-5.0836296,-35.465
-12.877713,-38.427204
-26.412222,-59.219482
-27.715143,-42.68896
-58.15985,-7.5277762
62.280285,23.176914
-11.441298,-58.085533
-1.1425337,67.47392
-10.59639,-18.13212
-45.93889,29.43469
-54.026012,34.647636
13.11647,-32.340523
-14.00362,-3.1772509
69.34986,33.85326
62.957657,26.333384
-2.9401052,8.759566
-22.889374,-67.77013
-4.5944,-33.75221
64.466545,32.6543
-10.680203,36.370968
-5.3734584,69.7053
-27.50411,2.0165334
31.433752,7.4349055
39.71373,-49.55508
-40.82194,-45.37642
24.443151,32.55552
19.877216,-40.606934
-6.350293,58.283634
-58.457596,-7.516569
29.68017,51.780853
-57.8328,-6.974819
-15.902804,34.050575
20.017593,-46.49766
-47.017727,30.931343
21.46682,48.029873
2.8451436,29.451794
72.39376,28.28798
-14.810076,-1.2136884
26.37056,-42.171524
57.846584,-15.149223
-13.123547,-20.098291
11.03871,-30.887655
-53.499046,-14.392741
-16.122482,-53.40871
-23.097828,-77.82947
3.3789065,-18.075384
21.681078,37.384895
-20.33829,-12.993096
-9.325457,36.069305
64.2341,27.472673
34.65588,-46.998974
17.693499,-38.053074
3.759516,-10.989458
24.113094,-42.254063
-30.338472,-55.748627
-7.7181754,28.94609
-21.506632,-23.435055
7.936032,-18.737408
4.3747787,9.011685
-78.67214,-1.3631964
13.392035,-37.267246
14.337698,-22.035784
26.475235,49.311928
58.68829,-13.385757
-14.773681,-11.585059
69.50588,4.664863
-11.681122,-21.878656
5.383377,-11.124548
-26.462677,4.3326807
1.6381613,-19.321953
-54.98659,17.686697
62.92859,-10.149059
4.3940034,9.723717
-30.836275,-54.9925
23.457384,31.029238
4.6876407,66.56568
14.995007,43.9848
-10.4817095,-15.730807
-71.51888,3.6052039
3.1811855,64.964966
-51.15288,-1.4290311
27.766035,12.61775
8.284898,-11.20883
-11.815085,-21.629187
-15.759509,31.04842
68.88021,20.414124
1.9468392,-52.504436
6.3925447,-26.928526
35.566658,6.386048
20.701735,-47.52759
-15.516615,61.210384
3.623303,68.679794
39.23666,38.156788
1.7804329,-24.871668
-65.5489,25.683311
-37.433876,-50.291164
31.576748,-20.276463
71.49662,26.46468
29.730885,-17.986162
59.866394,-13.429608
37.024517,13.384761
-20.296116,-24.51408
-9.1487465,-15.38804
-3.2889576,13.06358
-60.139038,-10.793204
22.750782,46.449924
-31.908876,-42.225098
-56.15003,18.288353
52.95857,5.4995685
40.184433,36.914738
-7.507096,17.486328
7.765562,44.373653
-57.841503,14.8395
31.210716,-44.26961
74.01927,32.56372
-61.71736,15.09476
-41.883472,20.070002
-51.53342,-1.8616654
2.5493288,8.668927
-63.926884,6.7017136
68.05909,30.895061
29.776735,-13.246602
61.999992,-16.252863
38.81714,37.748344
16.760462,48.280533
-20.704897,-25.097853
-11.225888,39.650658
-6.361632,22.94547
40.391727,17.938608
-56.8221,34.209312
-63.71785,8.31782
-15.796886,3.4171374
-30.55942,-55.85409
-3.4527478,6.935763
-64.483086,19.638083
39.158344,41.10482
59.21383,6.839128
-61.526363,14.954055
-26.676256,-45.08481
7.0947037,11.429537
12.6959305,15.846708
75.67952,1.3737627
-53.261105,-4.6545267
-2.8484511,-12.252599
62.717037,-13.900113
-2.9346623,30.061068
0.6875413,9.86195
-8.336513,56.50671
33.400528,-13.468561
62.67401,24.777954
68.11289,21.707567
38.888695,15.899385
31.900919,8.129759
-22.332224,-43.98012
8.066248,44.551437
-1.4974301,26.165705
-25.136543,-38.8744
72.81417,27.12199
-72.48949,2.3896692
19.067041,-66.048515
5.660461,-49.10768
-17.12974,1.9050536
-18.562052,-42.55683
25.6106,32.843548
36.198917,41.78292
-51.991177,3.949507
-67.55369,-7.151174
-16.861113,-57.353165
-5.16218,53.826977
-59.655415,-9.040803
41.98014,31.98849
-8.782988,36.62051
-65.10221,20.20398
-15.098316,-58.1526
-21.89455,-69.1857
-12.324582,-58.106754
-15.528367,13.856007
11.587784,20.051647
37.311344,42.50068
59.24412,-16.367702
5.799636,-49.90937
29.860392,11.594942
11.276638,-44.65337
52.495274,2.0987024
37.47215,40.877907
12.143125,46.058937
34.68986,-15.87281
-53.79751,36.20863
-21.0227,-79.992195
-6.9070764,-35.858307
-2.3479862,-47.80125
38.106976,35.97714
31.799831,13.593798
-45.95848,16.401596
12.056786,-63.82372
9.715753,-28.544827
-13.655369,-1.6112792
6.937757,-14.244011
-14.897714,0.17293946
72.93147,25.839674
-55.255596,-9.030064
-19.355513,-24.04201
-57.436356,39.592304
-10.844068,33.703472
-53.09908,0.31411746
36.76889,-45.811882
-79.08228,-4.7660565
0.053628888,4.466903
-23.221476,-77.09588
10.726405,45.902138
14.461748,-16.582476
-60.958298,-5.216242
-75.26693,-6.375848
-2.446197,-43.287838
-77.44972,-3.3145027
25.662712,-17.692022
-68.95848,-5.83223
-50.357445,27.003225
-36.149696,-41.75303
24.892727,31.225336
26.760365,23.630934
-25.425549,-52.978268
22.048054,47.0484
-68.33722,-7.6476107
-23.994091,-21.102095
32.12044,-10.408818
36.979805,-45.506187
14.637536,-41.355896
68.13708,27.142002
72.067604,30.642803
68.07909,27.462172
20.719465,-66.46518
39.6037,-49.32921
21.854044,46.665558
35.987965,-20.587093
28.657452,50.621635
44.255146,24.384922
-11.057266,71.08634
16.301912,-18.858438
34.10997,10.2277975
2.0312378,-18.803522
-0.06810095,67.04257
-20.625252,-12.354809
4.3286085,-50.620388
-1.4001309,66.746735
-16.24725,-54.48639
-2.358601,-52.404346
3.3958845,-24.89431
26.950602,-19.008928
64.9932,20.532883
-10.317378,56.569584
-72.236534,2.2304425
26.695604,-19.355371
5.7075057,-59.810936
70.985695,19.74533
-2.161527,25.933308
-10.377622,31.727348
46.61925,12.267375
73.66899,29.185957
70.18178,23.286545
-3.9852982,21.2266
-2.721592,21.802925
-54.825733,30.039448
9.263801,4.308173
27.916851,-9.745955
70.49557,32.80988
-6.843354,22.391602
26.630283,25.68803
-19.18675,12.535243
-2.8277829,-52.44234
-77.85745,-1.9838134
2.985511,30.097351
14.608077,-16.806973
-16.87961,-1.4608445
-9.947124,57.950905
-63.456036,22.257872
50.349915,1.3715804
-63.12192,-1.7116196
14.042086,-21.972149
-7.186638,-33.608906
11.085271,47.85364
-48.351887,29.70737
22.489855,-5.6743493
3.6885834,68.51294
-20.224966,8.433892
9.021903,30.293758
-19.452314,-67.30781
-31.084806,-55.964783
44.654045,24.4047
16.93708,-61.035316
38.40535,35.8096
-26.930084,-52.517097
-46.698643,7.3438926
-10.955869,-11.447993
28.064468,-15.545342
-61.746273,10.294121
30.961203,44.005585
62.061836,29.32784
52.749016,4.8922873
-13.153398,22.002344
54.044575,6.1113873
-9.728882,-13.987361
-4.082286,74.83027
2.1940405,7.7707677
5.8969016,-46.592808
65.85138,-2.7746398
-14.610383,-0.8375282
-10.238896,-25.550539
1.1703914,-52.23626
-5.211085,35.20513
-35.97213,-50.04414
8.148919,-7.4319024
-54.865025,-11.149161
44.19858,7.5949597
-1.7660135,72.36872
25.82955,23.071722
-0.5967181,55.588997
64.796814,23.193829
-41.92961,19.800104
-38.955284,-42.911457
73.14408,27.884972
65.72343,25.032108
12.469124,47.574333
-22.37093,-57.370216
10.839264,-71.596
61.581505,-15.545129
-51.91911,28.432922
0.0735102,-51.27312
6.2984786,35.463905
-2.0267577,4.293989
-11.205584,-8.124741
-21.763699,-62.93891
-24.352297,-56.47108
23.663603,45.40416
-25.654055,-58.790653
11.990138,49.69316
54.837288,4.0648174
42.02795,31.90397
30.241974,-10.586308
-58.17126,-7.49047
-28.907759,-1.3070071
37.776695,-44.64024
-46.068718,17.301796
-3.364571,23.520466
11.131103,-45.894287
-20.46169,-47.8396
-19.686378,-67.10574
-37.443172,-47.4211
-27.829803,-59.737576
-33.181652,-42.316433
55.722675,26.494587
-19.810295,12.360571
61.820927,-20.567719
-58.325996,-4.4964457
-77.94205,-3.2325747
42.560974,27.285942
8.961683,-6.70338
-0.14863813,13.339859
-61.219563,33.875145
30.054955,-45.51511
-10.448259,32.540974
11.079691,-26.493052
6.457648,34.760956
18.377382,-38.852776
-13.366507,-57.703476
32.903854,15.198994
-36.864418,-47.94584
-14.726692,-1.5369393
-62.287807,5.03812
26.958385,18.171988
-6.171333,-31.87599
7.787597,4.473052
-28.641855,-56.545948
43.70877,23.691103
-10.153166,72.8409
-25.270906,-3.395469
-56.119835,-13.381613
3.5953543,58.46254
-24.216015,-41.703476
-29.803984,-55.87211
32.74007,7.36242
-58.074543,2.8365886
22.392628,46.12849
-18.558222,-4.381192
44.70369,11.608468
3.0375192,10.303542
-21.385712,-70.97518
-25.172901,-61.310345
8.856305,-21.572397
-29.402199,-46.545017
49.24569,11.115802
-29.57508,-57.227726
72.506874,18.822138
10.434486,-70.350266
33.417973,14.8820915
48.403214,8.227197
6.663656,-14.79612
-15.976758,-19.753803
3.2477527,31.235239
-11.024095,-21.0618
8.867547,-8.233935
69.49279,22.875177
-27.621872,-8.787766
5.629601,-27.126205
-54.614357,30.066216
35.592075,-46.13563
-33.494446,-42.936195
29.417257,51.451427
19.986391,-40.65932
-25.381916,4.396302
0.62584674,55.066864
-57.161133,18.026514
-71.01884,9.02718
-17.700735,-20.889404
22.282818,-5.441033
-41.616394,-46.48653
3.8555763,-11.945616
-0.7016818,-43.900288
-5.7229314,-8.815933
-15.529299,-53.034836
-7.1669645,-33.52386
-2.9645424,55.974705
-2.7493312,9.499954
-0.2635548,-16.855427
-15.135016,3.7416296
-24.504988,-56.9555
-54.00301,28.527296
30.120111,-9.112707
3.3876836,-25.999603
-72.990166,3.0278244
-14.072479,59.86901
-3.9669898,-7.479763
-16.257153,-24.68299
-45.588146,14.866821
-9.800973,36.529057
-16.11862,-21.819714
36.56389,41.751835
71.98712,0.5600349
-36.181812,-49.195305
-77.65682,-1.7025793
-22.617374,-68.52928
6.946111,-44.10125
71.12374,0.52220213
50.066895,1.2288494
-22.6133,-68.60239
1.3340873,-25.64008
19.626118,-67.18133
-1.5421518,29.647976
-24.080559,-19.343779
36.139576,-18.293402
-25.105036,-39.968655
-4.328399,68.83774
31.476702,-10.232382
-51.064835,27.496399
74.81948,25.676277
-79.21927,-1.2086295
-14.437906,5.657356
64.28436,-16.212496
25.797983,19.862204
25.69398,29.646536
-22.841923,-67.61903
-16.013641,31.992876
8.693073,-11.543984
-75.344055,0.7150639
19.179531,-66.784706
-21.631245,-79.84229
25.455585,-42.256485
36.56841,-46.200413
-16.02575,-54.20491
-12.699783,-38.22515
-5.7977886,-6.851872
34.890755,-17.441153
-1.6959045,33.94306
-51.210426,30.397415
-24.59535,-10.299352
62.107166,-10.269717
-70.77055,9.313462
54.082363,23.09443
-10.876244,-12.703519
-14.8579645,0.5182845
4.776779,-26.06838
2.8984153,63.618332
34.72469,-8.370995
-7.4426184,71.62053
61.389515,-12.727901
33.19878,7.102135
15.103131,43.73957
43.560593,26.178808
-22.545767,-23.113892
-52.78466,6.2802663
12.244898,-63.410625
-66.40119,22.979918
-8.67421,-17.236448
-62.668526,5.152242
38.71506,8.252092
-6.0933905,22.461123
-67.96901,-4.8833537
3.6721232,61.225647
-15.190439,32.26115
-0.93907243,-43.884373
-23.692648,-42.747623
-5.21955,55.985786
15.200031,-20.750996
-65.06659,26.269142
-44.299038,21.6947
-10.459582,33.055298
17.01008,-61.249702
-52.17876,0.9020757
-15.343836,32.108425
6.7154202,-60.66133
-16.7748,-56.846306
7.9878306,-18.894596
4.495835,-19.938162
70.69921,22.757195
30.92638,-11.527709
-6.099756,23.050312
60.22634,-12.62909
17.092955,-37.822
-13.233859,22.2635
19.828339,-38.064198
17.360271,-58.30215
35.774105,-14.812311
5.149462,-36.73825
-55.14433,29.3227
70.66711,34.608204
-18.236404,10.055969
47.71473,12.3368845
-55.77482,16.422337
9.040971,-21.724466
-1.791439,-52.954105
-52.78906,28.392124
75.49682,1.0698364
-64.00591,8.311598
-14.477753,2.5540407
-55.952003,39.546047
-2.6123743,19.796259
35.43168,14.866023
-46.376225,31.79142
-36.76611,-47.17531
-1.4749497,12.459187
-59.70513,35.25006
76.059456,28.943727
16.580072,-66.69683
25.074673,48.757244
72.585434,18.566685
62.3968,1.5849942
-54.982372,18.496662
-38.423878,-39.78859
-23.590866,-45.836502
38.910538,34.97606
-29.070997,-1.2861602
5.055657,7.3930674
-61.498116,14.6495075
-19.630991,-24.117092
-15.518703,-53.39646
-77.822205,-3.6825762
-5.7587485,14.625699
-74.39227,2.1737952
62.6974,26.412983
-51.355324,1.5961984
14.366259,-21.217657
-54.0514,34.263145
-1.0548565,-43.23102
-12.103401,60.316643
-29.798426,-57.4295
35.699688,-46.57318
10.438782,45.93916
-26.15729,-40.642868
-9.905847,71.14705
-36.532295,-41.572674
-1.2524052,67.028534
39.83651,9.143929
0.18003564,-20.9243
13.892803,-21.022795
60.54018,-12.308301
76.03521,26.11678
28.509604,51.05988
29.988472,11.721305
-52.687126,6.3606014
0.7407648,56.915684
-14.854912,-53.94877
-16.203268,-15.901373
-24.70797,-41.753437
6.422006,-9.293659
-21.123373,-75.61428
32.24731,-12.327356
26.007105,43.74437
-13.007303,33.229073
72.931816,19.888063
34.682198,-20.188166
71.351906,-2.439924
-44.722935,18.975359
19.291979,-68.67805
-34.571953,-40.141582
35.958427,-15.486035
65.85221,-14.131192
71.854706,32.782673
11.119927,-25.9282
-56.46769,39.414146
4.0798836,59.210224
-8.354328,19.603546
-10.605939,-16.373064
20.140574,-34.865467
2.909025,29.829527
67.112015,32.009094
2.4111352,-20.75653
21.61085,-46.99173
-30.369173,-55.771347
-11.745368,69.504074
50.82974,2.117221
34.37354,41.66048
1.8447723,-21.669046
68.37895,29.350014
-20.075468,-25.590672
-43.633705,16.366798
49.577045,11.694614
25.024052,-42.246346
-15.343534,31.974634
-11.479893,71.7633
28.570744,-8.866308
5.186406,-60.707844
71.01311,1.2324514
-1.1430292,18.029253
40.47826,17.234314
-55.710606,39.392254
-10.34045,58.588497
4.0469546,-48.43376
57.048756,-15.215797
-15.2366085,-1.3625431
15.419458,47.10767
70.54553,-3.6854696
16.268486,-66.82583
72.06412,21.2002
0.020443521,29.886915
31.869993,13.598868
30.177883,-7.8616467
65.910614,-2.970133
-0.5496134,32.882114
-4.8296094,14.833173
-20.343956,-71.13007
67.82134,3.691487
3.1633334,-61.2965
-69.42957,2.3685615
41.11576,15.637444
44.720764,24.063034
-53.103848,-2.65747
27.934776,40.322414
-68.94241,0.41670874
-60.225475,-12.041357
-16.827032,-56.41741
3.2904863,-13.475851
-5.227308,73.870445
-47.566414,35.78613
13.329259,17.956972
18.746761,-65.82701
-48.654526,31.021742
39.42996,20.112776
-25.773195,-44.77476
69.928635,24.656994
75.22119,0.80767685
32.10613,-10.754324
-23.421381,-6.1335163
61.347515,29.255186
-23.268694,10.041111
-30.76803,-54.953125
22.6217,-8.390283
61.14601,-11.8079
24.905523,-6.1604567
2.9484832,-6.845869
11.575556,-33.70782
-3.4323518,-35.51651
52.658897,5.972198
-11.564947,-21.354311
-29.505943,-42.035072
6.3541584,35.233883
3.9458785,-41.88041
10.4739485,43.20398
-20.587208,-78.5869
-24.378067,-65.473755
-65.511986,27.267117
32.35676,-23.90753
25.735348,26.054813
-2.0633976,-42.793797
-36.1313,-40.840282
-5.357384,20.327263
-36.82093,-46.910072
-23.483925,-46.78477
-22.725212,10.863746
-20.118122,8.327653
-2.1037836,11.952546
-6.35586,58.07881
30.42314,-9.170403
-53.710014,34.880833
-54.671616,4.148765
28.196491,-9.079082
-60.95083,33.930393
-15.201484,62.7047
-20.167135,-77.07372
32.28913,16.383198
-22.782984,-79.286896
6.5595818,-27.792486
45.648643,24.361032
64.6172,-9.033666
-9.175624,53.042564
-24.03047,-44.751225
32.464478,-24.116722
70.27704,-2.0816388
-15.569598,-22.736359
39.12812,-49.73583
50.13027,11.348296
11.577664,-23.586794
-54.701096,-13.662359
25.097288,30.365055
-25.646221,-48.63866
-5.137426,24.03228
16.674152,-35.637596
19.269314,-65.77969
-54.325256,35.65608
-0.6640837,-35.580685
-14.556929,-2.5162811
20.534294,-66.015564
70.1793,23.816698
63.447323,-14.461516
12.187093,-71.73518
2.0262976,-22.472368
-12.977588,21.12042
40.189972,38.08139
4.1716094,-8.1839695
13.655192,-30.47982
-3.8828316,73.91296
50.034702,24.250679
-1.02469,-37.381454
7.3225346,11.710683
-12.246218,-21.470188
48.38938,7.7171836
-32.35402,-43.057266
-59.2386,-7.1121964
57.316574,3.9445379
35.62286,14.967313
-19.466776,-2.1673136
60.787937,-15.549158
30.116203,-45.661407
20.07184,-38.696796
-14.108429,-37.387566
33.712353,9.352991
-28.011303,-46.11992
-24.00766,-3.1267486
-40.27924,-47.093937
12.300879,-12.979782
26.289623,43.915462
26.22604,43.85078
-15.920438,-1.6286422
-63.185192,25.3987
-21.212337,-21.464418
22.948536,46.92133
26.001125,43.67632
70.25353,25.643368
-0.4213235,-47.019962
-14.7754135,-55.989826
29.454796,50.077904
-15.886443,31.27377
-47.441998,35.434
-9.314508,35.32555
-42.69385,19.927835
-73.78551,2.0192046
-35.836338,-42.1714
-63.678917,5.5334387
-11.252136,73.040184
65.84195,-14.004036
-21.278158,-70.91361
50.800957,12.3066225
-10.710061,31.36327
-15.403748,-22.769373
-67.477745,-6.933252
-4.061121,-7.3333964
4.1848545,-26.085564
-56.437313,39.69631
12.008982,49.198154
29.708183,6.7127824
-45.182076,17.428118
14.253856,-65.06041
-58.990406,35.477043
15.754929,-60.302956
61.946686,-20.476088
-42.330677,19.314777
49.639698,10.389617
33.592323,-21.491974
13.2171135,44.24344
-41.885483,15.556649
-56.68966,37.63164
-52.344654,27.029306
40.4407,18.35624
32.406666,-15.111865
48.980522,6.5605626
-1.2623135,-52.061825
66.75729,26.974497
-63.125767,4.1981335
-5.281745,-30.574602
39.730473,-49.706856
33.80251,39.064434
-19.420479,-38.67466
-0.4788291,-37.72087
-54.810375,-11.183572
6.12454,-47.237827
69.86293,26.731482
-76.94083,-4.671782
10.8266735,-12.070261
-28.176212,-47.386993
-5.852124,75.43801
31.82824,45.0133
15.561407,-20.43616
-28.11152,0.12460207
25.722279,19.960915
38.770233,40.882187
-18.901003,-42.66407
-14.29666,-13.74253
14.21506,-41.25229
-46.147552,31.20672
-77.602264,-2.9795578
-54.107895,34.20768
-11.916443,-22.445988
-49.035,30.20372
37.614254,41.274357
23.443113,44.319103
-0.37845382,20.697454
-17.025185,1.2816608
-76.63062,-3.305264
61.789165,24.561129
18.823366,-65.74647
-75.089325,2.2757277
72.649086,34.163372
-18.759792,11.178323
21.327873,-44.360806
-55.916283,16.656874
-4.9603505,75.18093
-75.35269,-2.8629804
20.058014,-46.4456
-18.425451,10.580724
2.972244,63.780407
3.9373877,59.05206
-13.872878,60.086864
-77.39586,-1.2238767
-11.345883,-8.064949
-48.380203,29.987423
-24.254446,-43.826496
73.22336,-0.62835705
-33.970314,-42.804173
36.878334,42.69257
-10.60725,-25.603998
2.037035,10.409166
-1.6538192,-7.6749578
-36.29706,-45.32552
-35.456985,-47.69806
26.932486,17.893137
-6.7389975,36.260906
-11.214919,39.65648
23.251284,-64.1632
-47.545147,32.169292
70.45521,26.617434
11.971285,46.674698
-47.827324,30.254387
-11.940425,-13.019609
-24.430098,3.70793
-46.06262,7.112796
55.563095,1.2913039
0.92545795,30.220053
62.937553,-13.421684
-70.20264,3.4511807
-51.225433,-3.123988
-25.090874,-40.340908
-13.65122,13.921179
-22.343834,-46.752335
-51.604046,4.9839993
-55.802387,33.697445
35.99087,35.83832
-51.967743,27.871315
-54.290306,30.406881
22.044174,47.062355
-22.917017,-76.73115
60.30545,-13.109656
10.488416,24.999435
-19.437412,14.262496
-44.291397,8.895155
9.331162,-18.275826
-29.717518,-1.9952508
54.99827,25.422691
27.9714,-11.694702
55.930588,0.61029595
-50.47514,27.782417
29.808634,-18.031645
-17.43181,-4.120059
12.944366,-32.15433
0.46688074,-52.29832
-53.754173,6.7597237
17.246454,-57.507004
-45.996304,7.425979
27.239897,42.105427
-63.13586,26.542091
71.45715,28.024466
1.9712555,-49.112083
33.482334,11.003628
56.752666,-14.973887
50.23261,3.8302398
11.757849,19.312624
12.720558,-28.432384
63.979523,25.518059
-56.71886,18.487204
-70.31156,9.950173
70.79004,31.293167
18.484343,-40.1885
64.914795,-12.445123
-24.316168,-42.01989
32.837574,-18.846138
72.41692,-0.8305503
-13.250503,-58.092606
-23.223673,-0.23685843
-70.6302,4.272815
-16.283768,13.064408
-1.3397344,26.258865
27.40831,-11.016989
-16.331062,-11.493401
24.304344,-6.4089203
9.096816,-18.430737
69.04995,4.43355
-29.398224,-54.127666
-60.716103,-5.2448497
-25.99718,-6.717192
-7.499702,55.587715
-57.105476,-13.933386
-55.078835,34.11341
23.163498,38.05736
-22.249847,-25.825417
-55.12545,30.23697
33.090054,7.2308655
-37.12192,-50.89955
34.47083,-20.84639
44.286205,12.006212
2.0743716,-31.398905
-38.93903,-42.264988
-14.568297,-58.407257
-47.49546,35.61841
15.341554,44.277386
72.47453,-0.48277456
-0.6893624,-35.47125
4.900054,7.8939238
-36.599724,-40.42414
27.212189,21.292278
7.3567905,-34.748173
25.931751,28.030142
36.662857,11.713951
-24.277514,-65.60168
60.133995,-16.305437
-11.11672,-57.477165
-3.4415817,8.875992
73.07389,22.367235
-10.686667,71.98491
27.318312,43.003365
10.545426,-30.764395
64.5747,0.8176256
39.805363,41.40527
-1.4691025,29.095478
-52.69671,6.4227886
-25.71119,-8.839647
-0.3633565,56.32304
-67.08025,-6.7320166
34.02414,-15.505037
-54.75521,30.970768
-55.967216,19.570223
1.17295,-19.118454
30.091652,-14.004943
45.895782,24.015678
-21.509892,-42.212997
3.1778321,-51.11326
-20.738808,13.139278
-0.5238287,7.459092
-59.10667,17.082771
9.106097,-69.882835
12.902242,49.040462
63.105,-12.661461
-7.200609,29.31107
-11.26106,71.37246
66.90931,30.130865
36.401688,40.432632
-4.383057,70.717575
-33.94655,-44.16905
-65.22539,20.419476
50.331753,10.2014265
22.29741,37.48503
18.812506,-67.44494
12.321764,16.498093
54.062874,-8.672914
67.13675,3.6509533
73.248215,1.9078501
-67.76241,-7.017415
64.957924,23.48747
60.279854,-15.041957
-53.94405,17.856422
64.252174,-14.424623
15.258731,-22.372534
0.1049826,-51.25807
34.731186,-12.041956
27.203077,20.955713
-1.0607996,13.207058
0.75309616,21.099552
-19.683208,-49.81579
63.753784,-8.729762
49.353413,11.209512
-12.219097,-21.027046
54.05803,-8.669077
70.47882,30.502663
-54.29272,4.906009
43.92554,26.783365
5.8660545,64.750206
6.321535,28.166264
-46.3663,33.74766
51.49996,10.837766
-21.110151,-79.54518
-62.2222,22.860525
26.386806,51.03363
9.031613,13.978952
-74.82862,-4.0808263
-56.263504,19.70556
-30.91297,-57.755398
-62.869133,8.14135
-16.588322,-11.816937
15.900959,-23.153934
-4.2689524,24.062382
-22.106533,-70.483475
57.6952,-14.732731
37.271687,-45.22455
8.619908,30.498234
22.171356,-7.1518054
-54.03708,-3.1826777
61.99951,29.479092
-7.4776516,36.278034
28.675358,49.95835
22.463911,-5.6282105
15.355637,-21.353334
34.77053,-18.759556
63.838963,-12.218438
-7.1367364,55.746304
-60.02411,20.137205
-10.572164,-13.375767
34.116695,40.230637
-61.506355,-6.6504
-5.4454956,57.321926
-12.75504,33.461166
-58.65646,17.373816
18.950737,-66.91994
14.02704,-20.910736
70.4433,28.834543
53.963818,23.807264
66.04088,-2.2211475
12.886471,18.121328
-8.16899,28.002417
9.548704,28.145374
-1.8338546,-31.93365
-37.550243,-51.188
9.335036,-70.07453
-26.399078,-52.505848
55.47903,1.3278364
24.753128,44.496513
44.218147,7.612051
0.5240701,-25.404877
-63.997955,-12.212659
-13.362302,-39.051712
-20.402548,-77.29648
-19.39935,13.207469
-75.12266,1.1207685
-3.612772,20.715267
2.057961,-19.006721
28.907476,-20.349033
-4.5034304,-6.127222
34.74371,10.544089
29.531164,-8.398137
35.333614,4.473458
16.762976,48.266155
-55.943607,39.44212
68.555214,31.920366
11.995528,47.21322
-0.8010077,-37.52066
9.741445,27.652004
34.676586,-18.20855
-23.959925,-58.516552
36.3505,-45.49576
67.584114,30.068066
-45.758003,18.389124
-6.349907,21.571033
-25.404606,-3.4245458
16.082748,-34.04682
40.248257,16.941793
69.69659,34.078228
3.1481729,-53.45339
-36.706833,-49.37959
-22.348597,-52.024204
-9.268158,-6.633292
-17.609825,2.3838277
-1.3183337,69.20782
44.394638,11.474308
40.339752,37.77935
34.97368,42.95096
14.196058,-23.871666
-64.12985,27.129227
-8.941703,71.64422
28.63163,-46.414227
-13.1481,20.538254
-62.576553,23.702488
4.24158,61.971626
15.905046,-67.00556
31.417921,7.7987847
-2.0823872,67.05374
72.535835,34.113235
64.81267,21.186892
4.173561,67.89219
14.72137,4.4887943
-44.29594,21.40359
53.947468,5.9130216
-49.105362,29.539133
21.592316,-66.34076
25.686451,-42.27248
-3.2433155,-11.476933
25.916822,28.997684
-5.4144464,69.6375
71.183205,22.162903
75.80281,26.233212
23.243336,-63.84352
-2.7620776,22.041292
0.39964336,-22.699137
73.03143,27.899303
-65.59461,-10.801033
-71.39863,-5.738973
0.028025344,-35.848328
-57.391083,38.780163
-35.95311,-40.343964
25.148281,46.446747
35.827473,-12.204931
-44.075657,17.356606
76.37611,-0.23196843
7.5476627,-49.576096
-26.612726,-2.8693566
-4.5786996,-7.745534
-59.47162,-7.3975277
22.69229,-7.0239153
-10.647955,35.220158
14.158827,-36.137672
66.08601,25.45233
74.907684,27.40725
11.686862,-30.504725
-3.8200722,30.25329
1.0991958,-19.356613
-12.896216,-0.07012909
0.04729293,9.955352
16.222279,-67.77927
-12.66613,-27.084291
-21.21218,-77.11856
72.02414,32.173653
1.6203692,12.471822
73.59813,32.865143
71.164246,0.6374021
-3.9696286,-34.801376
-4.967545,-36.357464
-59.10049,17.411314
-12.716898,-2.3842354
-1.0867878,30.11082
-2.463449,-48.000572
38.9061,16.125874
-3.5036294,20.722895
-18.074472,12.704867
-60.17227,33.87944
72.4402,26.059908
-60.414394,18.156414
20.25035,-46.279938
-9.486915,30.677889
66.65759,35.67782
-50.466236,-3.055968
1.679922,19.084269
-74.34915,-2.0188947
-28.443722,-2.8033707
70.666435,20.584333
-2.9895744,29.057245
3.2036676,-51.017612
-17.053997,-18.899225
-24.817421,5.529636
26.348791,43.958466
-68.18258,-4.9448385
71.21924,26.063526
-5.883329,-10.318933
-17.160273,-20.773396
15.769921,-34.23789
2.4301121,-46.895958
30.87491,13.446228
-46.24587,29.934278
20.126062,-45.61037
34.832172,10.367246
-63.90733,21.515493
-54.27886,29.544449
-22.08285,-22.56275
-55.679886,18.064693
6.105525,-25.136002
-64.9733,6.7852254
10.555782,-70.65459
-10.977638,-25.891464
-44.467777,23.296211
-19.556263,13.811671
3.127036,-51.091797
-63.01312,3.9670837
28.953794,-8.699227
49.6235,10.286409
7.481633,11.495165
-34.67985,-47.11183
6.2871346,-62.57475
-24.055202,-21.195799
36.505344,39.57835
-12.097815,72.640205
-12.100207,-13.296581
-57.399727,-13.879802
23.173018,-63.93379
-11.918471,32.767353
38.036083,40.48386
73.08275,0.8072556
37.34614,36.830605
-77.10421,-4.159628
12.984104,16.91295
-17.169415,-49.868862
-30.58927,-56.946877
-21.005024,-16.446703
-45.745594,17.499403
-58.81496,38.745075
9.152375,-8.147753
39.439075,-49.203854
19.090202,-66.24269
-59.800407,19.86844
16.14442,-18.906754
12.349486,16.459824
5.6472297,-12.118701
71.4722,20.130867
0.09905663,30.568521
-54.1918,4.4872365
27.096382,-4.686371
8.769838,-7.0807953
-18.840633,12.62762
73.002235,0.059661698
12.711916,-32.974194
35.58159,-17.127674
9.773371,-70.84374
0.28785282,-52.39717
-4.364373,-5.8162293
49.4841,12.230038
-12.358649,21.010147
50.90189,2.4259026
-22.887539,-76.50028
44.75619,22.975096
-51.81075,29.284843
-20.352224,-23.95997
-25.667713,-48.622
-17.711042,-12.152741
-8.2988,-4.520054
-1.4760357,-24.26229
-22.719482,-67.96377
21.980484,-35.126106
-25.16422,-61.743546
54.179306,25.345621
53.915157,23.579134
71.27586,29.826838
21.500082,-68.62696
9.965458,-70.87877
-4.4609547,-34.770195
1.6291006,18.755127
-15.220821,61.81483
37.31307,40.39819
-36.850082,-49.702328
-60.257847,-6.86494
-18.200596,9.9815
-16.170301,-1.1410168
-25.72388,-9.4529085
36.786762,6.1405015
37.745964,-48.406437
56.276497,-15.203179
34.94352,3.384567
36.02945,-14.613588
14.124706,-20.838009
-33.32834,-48.24619
-53.17155,-4.819086
36.779964,-46.21816
-70.18326,-6.7109127
-9.571268,69.43723
65.98721,-5.6103168
-1.3703426,68.22692
64.944954,-14.890806
-63.41332,-12.898747
-5.374394,69.2948
2.8897696,-19.037373
27.205063,-8.410435
76.290306,-0.7396584
-51.22989,-1.6755908
10.542138,12.553323
-19.790604,13.193548
-24.11279,-49.964138
-18.65716,-25.536268
58.639133,-13.400106
73.09337,2.278078
71.27955,19.953152
-44.395184,22.61847
11.56977,47.701176
0.07976862,11.636296
62.443867,-10.36879
24.551043,-7.0851316
40.239735,38.465176
19.435793,-65.769485
4.7289395,66.1436
-69.03245,5.512924
-53.721245,-5.456199
58.88298,5.018908
13.701204,-19.515461
-78.84668,-2.584312
55.97916,26.468834
-37.14951,-47.728302
9.066665,-71.56892
12.235233,45.417213
-64.73801,-11.529632
65.2047,20.734764
-1.5919664,-24.234911
6.444607,-14.694796
-6.6006317,71.0449
-73.603004,1.7851621
-51.952366,28.500406
-23.523743,-57.19391
-35.277412,-41.53553
-33.739124,-39.510197
25.468023,32.664692
